{"cameraMode":{"drawMode":0,"name":"Shaded","section":"Shading Mode"},"sceneLighting":true,"audioPlay":false,"sceneViewState":{"showFog":true,"showMaterialUpdate":false,"showSkybox":true,"showFlares":true,"showImageEffects":true,"showParticleSystems":true},"in2DMode":false,"pivot":{"x":2.2371628284454347,"y":2.6694529056549074,"z":-108.38733673095703},"rotation":{"x":0.024870751425623895,"y":0.9741705656051636,"z":-0.13529549539089204,"w":0.1790780872106552},"size":3.650097370147705,"orthographic":false}