{"cameraMode":{"drawMode":0,"name":"Shaded","section":"Shading Mode"},"sceneLighting":true,"audioPlay":false,"sceneViewState":{"showFog":true,"showMaterialUpdate":false,"showSkybox":true,"showFlares":true,"showImageEffects":true,"showParticleSystems":true},"in2DMode":false,"pivot":{"x":-0.4566190838813782,"y":4.670266151428223,"z":-28.113161087036134},"rotation":{"x":0.08089471608400345,"y":0.020329661667346956,"z":-0.0016503764782100916,"w":0.9965150952339172},"size":8.969264030456543,"orthographic":false}